root,article,sample,wordNumbers,wordForms
ءن,1,أن,96,4037
ش,1,من,36,3099
ءله,0,الله,46,2851
ما,1,ما,12,2180
لا,1,لا,7,1730
قول,0,قال,120,1722
في,1,في,17,1701
ءلل,0, إِلاًّ ,28,1470
على,1,على,28,1442
كون,0,كان,90,1358
ربب,0,رب,75,981
ءمن,0,آمن,131,879
علم,0,علم,148,854
مَن,1,من,20,828
له,1,له,17,805
ءلى,1,إلى,21,742
ءذ,1,إذا,13,693
قوم,0,قام,138,660
لم,1,لم,15,574
ءتي,0,أتى,227,549
كفر,0,كفر,102,525
بين,0,بيان,74,523
شيء,0,شيء,26,519
بك,0,بك,14,517
رسل,0,رسل,118,513
هو,1,هو,4,481
ذلك,1,ذلك,21,480
يوم,0,يوم,36,475
عن,1,عن,15,464
ءرض,0,أرض,18,461
هم,1,هم,10,444
لك,1,لك,9,420
قد,1,قد,9,406
ءيه,0,آية,34,382
كل,1,كل,31,376
عذب,0,عذب,60,373
عمل,0,عمل,58,360
جعل,0,جعل,103,346
ثم,1,ثم,4,342
رحم,0,رحم,65,339
ءلي,1,هؤلاء,20,331
رءي,0,رأى,122,328
هدي,0,هدى,108,326
ءو,1,أو,3,325
كتب,0,كتب,57,319
سمو,0,سماء,15,317
ظلم,0,ظلم,64,315
نفس,0,نفس,56,298
قبل,0,قبل,55,294
نزل,0,نزل,68,293
ذكر,0,ذكر,107,292
حقق,0,حق,33,287
كذب,0,كذب,64,282
جيء,0,جاء,59,278
عبد,0,عبد,93,275
لو,1,لو,9,275
هذا,1,هذا,11,275
ءخذ,0,أخذ,139,273
خلق,0,خلق,76,261
ولي,0,ولي,87,259
وقي,0,اتقى,55,258
ءيي,1,أيها,32,252
ءخر,0,آخرة,60,250
ءمر,0,أمر,75,248
بعد,0,بعد,25,235
غفر,0,غفر,72,234
نوس,0,نوس,7,230
ءم,1,أم,9,220
ءنت,1,أنت,16,217
دعو,0,تدعو,101,211
حكم,0,حكم,56,210
ملك,0,ملك,56,206
جنن,0,جنن,46,201
عند,1,عند,22,201
خير,0,خير,25,196
نور,0,نور,37,196
حسن,0,حسن,55,194
ضلل,0,ضلل,69,191
حيي,0,حيي,73,189
سمع,0,سمع,63,185
خرج,0,خرج,117,182
صلح,0,صلح,41,180
سبل,0,سبل,23,176
تبع,0,تبع,88,174
قتل,0,قتل,103,170
مثل,0,مثل,53,169
شرك,0,شرك,63,168
قلب,0,قلب,61,168
سوء,0,سوء,54,167
كثر,0,كثر,32,167
موت,0,موت,60,165
مع,1,مع,12,164
بنو,0,بنو,55,163
كبر,0,كبر,63,161
شهد,0,شهد,76,160
نبء,0,نبء,73,160
نصر,0,نصر,82,159
بعض,0,بعض,20,158
صدق,0,صدق,65,155
غير,1,غير,23,154
وحد,0,وحد,34,153
وعد,0,وعد,60,151
بصر,0,بصر,56,148
رود,0,تريد,44,148
لقي,0,لقي,86,146
دون,1,دون,12,144
نعم,0,نعمة,60,144
حتى,1,حتى,1,142
سلم,0,إسلام,60,140
موسى,0,موسى,5,136
دنو,0,دنو,9,133
قدر,0,قدر,51,133
لكن,0,لكن,10,130
نذر,0,نذر,54,130
جمع,0,جمع,40,129
سءل,0,سئل,68,129
طوع,0,طوع,47,129
لعل,1,لعل,10,129
نظر,0,نظر,47,129
عظم,0,عظيم,17,128
بل,1,بل,2,127
خلف,0,خلف,64,127
دخل,0,دخل,71,126
خوف,0,خاف,46,124
ءهل,0,أهل,33,123
بشر,0,بشير,53,123
رزق,0,رزق,52,123
يدي,0,يدي,39,122
ءمم,0,أمة,45,121
عزز,0,عزز,22,120
دين,0,دين,29,118
ذو,0,ذو,24,118
ءبو,0,أب,45,117
جزي,0,جزاء,39,117
نهر,0,نهر,21,114
نفق,0,نفق,34,111
ءكل,0,أكل,49,110
ءجر,0,أجر,24,109
حسب,0,حسب,56,109
فعل,0,فعل,39,108
وجد,0,وجد,40,107
رجع,0,رجع,37,104
فضل,0,فضل,25,104
ءنس,0,إنسان,17,103
صبر,0,صبر,35,103
عدو,0,عدو,48,103
لن,1,لن,3,103
ءذن,0,أذان,45,102
شدد,0,شدد,26,102
ولد,0,ولد,52,102
ءول,0,أول,25,101
صلو,0,صلو,33,100
صحب,0,صحب,26,97
ءخو,0,أخ,51,96
بغي,0,بغي,52,96
قرب,0,قرب,36,96
حبب,0,أحب,37,95
هل,1,هل,4,93
سبح,0,سبح,31,92
سجد,0,سجد,34,92
ليل,0,ليل,17,92
ليس,0,ليس,13,89
شطن,0,شيطان,13,88
قرء,0,اقرأ,30,88
مول,0,مال,33,88
توب,0,تاب,34,87
خلد,0,خلود,15,87
سوي,0,استوى,33,86
نحن,1,نحن,4,86
لنا,1,لنا,2,84
نجو,0,نجى,54,84
حرم,0,حرام,34,83
كيف,1,كيف,3,83
زوج,0,زوج,41,81
عقب,0,عقب,28,80
عرض,0,عرض,39,79
وجه,0,وجه,32,78
وحي,0,وحي,22,78
بلغ,0,بلغ,44,77
جهم,0,جهنم,4,77
صوب,0,أصاب,45,76
قلل,0,قليل,12,76
ءلم,0,ألم,8,75
شكر,0,شكر,24,75
كلم,0,كلام,45,75
ضرر,0,ضرر,40,74
فرعون,0,فرعون,6,74
بءس,0,بأس,26,73
بيت,0,بيت,32,73
رجل,0,رجل,29,73
رضي,0,رضي,44,73
علو,0,علو,33,73
غني,0,غني,28,73
فرق,0,فرق,40,72
هلك,0,هلك,38,72
عرف,0,عرف,32,71
يمن,0,أيمان,23,71
سمى,0,اسم,22,70
متع,0,متاع,41,70
وكل,0,توكل,19,70
إبراهيم,0,إبراهيم,9,69
سكن,0,سكن,44,69
ظنن,0,ظن,31,69
حمد,0,حمد,16,68
ءنا,1,أنا,3,67
بعث,0,بعث,34,67
كسب,0,كسب,14,67
جرم,0,أجرم,16,66
عين,0,عين,36,66
لي,1,لي,3,66
وفي,0,أوفى,42,66
خسر,0,خسر,21,65
جري,0,جري,11,64
حمل,0,حمل,50,64
زيد,0,زيد,48,64
هي,1,هي,5,64
تلو,0,تلو,23,63
ذوق,0,ذوق,33,63
سحر,0,سحر,31,63
قضي,0,قضى,30,63
موه,0,ماء,13,63
نسو,0,أناس,25,62
فري,0,افترى,21,61
مسس,0,مس,30,61
بلو,0,ابتلى,32,60
غيب,0,غيب,16,60
فتن,0,فتن,29,60
زكو,0,زكى,22,59
ظهر,0,ظهر,39,59
كما,1,كما,1,59
ردد,0,ردد,41,58
ضرب,0,ضرب,30,58
روح,0,روح,32,57
عدد,0,عدد,29,57
قري,0,قري,11,57
ءجل,0,أجل,21,56
ذهب,0,ذهب,35,56
دور,0,دور,24,55
فسق,0,فسق,20,54
نهي,0,نهي,35,54
ندو,0,ندو,31,53
خبر,0,خبر,10,52
ضعف,0,ضعف,34,52
تحت,0,تحت,9,51
حلل,0,حلل,34,51
طيب,0,طيب,23,50
فسد,0,فسد,24,50
مكن,0,مكن,17,50
نفع,0,نفع,22,50
سوع,0,سوع,10,49
عقل,0,عقل,5,49
ءثم,0,إثم,22,48
خشي,0,خشي,31,48
طعم,0,طعم,36,48
قدم,0,قدم,26,48
عجل,0,عجل,28,47
كرم,0,كرم,20,47
زين,0,زين,26,46
صدر,0,صدر,16,46
عهد,0,عهد,27,46
صبح,0,صبح,24,45
صرط,0,صرط,10,45
نسي,0,نسي,33,45
وذر,0,وذر,29,45
بدل,0,بدل,32,44
حفظ,0,حفظ,29,44
دبر,0,دبر,21,44
سرر,0,سرر,24,44
فوق,0,فوق,16,44
يسر,0,يسر,18,44
إسرائيل,0,إسرائيل,3,43
ترك,0,ترك,23,43
تلك,1,تلك,5,43
جوب,0,جوب,25,43
حشر,0,حشر,26,43
صدد,0,صدد,29,43
فصل,0,فصل,22,43
مكر,0,مكر,25,43
نوح,0,نوح,5,43
بحر,0,بحر,11,42
حزن,0,حزن,16,42
سخر,0,سخر,22,42
سوف,0,سوف,6,42
قوي,0,قوي,13,42
جبل,0,جبل,15,41
جهد,0,جهد,19,41
طوف,0,طوف,20,41
كره,0,كره,23,41
لعن,0,لعن,30,41
شعر,0,شعر,14,40
فلح,0,فلح,7,40
كأن,0,كأن,11,40
ملء,0,ملأ,16,40
ويل,0,ويل,9,40
ذنب,0,ذنب,22,39
سلط,0,سلط,9,39
شرب,0,شرب,24,39
طغو,0,طغو,20,39
كيد,0,كيد,26,39
ذرر,0,ذرر,17,38
عود,0,عود,24,38
فتح,0,فتح,28,38
قرر,0,قرر,25,38
مرء,0,مرء,21,38
هوي,0,هوي,13,38
سبق,0,سبق,22,37
نكر,0,نكر,19,37
ءوي,0,آوى,21,36
بطل,0,بطل,14,36
حدث,0,حدث,14,36
ريب,0,ريب,14,36
قرن,0,قرن,16,36
قطع,0,قطع,31,36
حين,0,حين,6,35
عفو,0,عفو,22,35
غفل,0,غفل,12,35
مرر,0,مرر,15,35
ورث,0,ورث,25,35
بدي,0,بدي,21,34
جنح,0,جنح,9,34
خفي,0,خفي,24,34
مريم,0,مريم,3,34
هزء,0,استهزئ,9,34
وثق,0,وثق,17,34
جنب,0,جنب,26,33
حجج,0,حجج,27,33
شمس,0,شمس,9,33
ظلل,0,ظلل,28,33
عرش,0,عرش,11,33
عمي,0,عمي,19,33
قسم,0,قسم,19,33
كفي,0,كفي,9,33
كلا,1,كلا,1,33
برر,0,برر,13,32
برك,0,برك,15,32
ثلث,0,ثلث,24,32
عصي,0,عصي,22,32
مدد,0,مدد,26,32
نصب,0,نصب,15,32
وري,0,وري,16,32
وسع,0,وسع,17,32
وصي,0,وصي,20,32
حيث,0,حيث,2,31
خلص,0,خلص,14,31
شرر,0,شرر,14,31
شفع,0,شفع,19,31
طهر,0,طهر,24,31
غلب,0,غلب,19,31
قعد,0,قعد,24,31
لبث,0,لبث,15,31
هجر,0,هجر,19,31
ءفك,0,إفك,16,30
ءنث,0,أنثى,9,30
سعي,0,سعي,18,30
عسى,0,عسى,4,30
هون,0,هون,14,30
برء,0,تبرأ,18,29
ثني,0,ثني,13,29
جدل,0,جدل,19,29
جند,0,جند,19,29
دري,0,دري,8,29
رفع,0,رفع,20,29
صرف,0,صرف,21,29
صير,0,صير,5,29
فوز,0,فوز,8,29
قصص,0,قصص,20,29
ودد,0,ودد,19,29
ءبد,0,أبدا,1,28
ثقل,0,ثقل,18,28
ثوب,0,ثوب,20,28
حوط,0,حوط,16,28
خلو,0,خلو,8,28
رجو,0,رجو,14,28
سبع,0,سبع,14,28
شقق,0,شقق,22,28
طير,0,طير,16,28
عدل,0,عدل,12,28
غشو,0,غشو,22,28
نشء,0,أنشأ,18,28
يقن,0,يقن,13,28
ءين,1,أين,7,27
بوب,0,بوب,13,27
سير,0,سير,15,27
شجر,0,شجر,18,27
عاد,0,عاد,8,27
عجب,0,عجب,19,27
عشر,0,عشر,19,27
عمر,0,عمر,22,27
غرر,0,غرر,15,27
قسط,0,قسط,9,27
قمر,0,قمر,7,27
لوط,0,لوط,5,27
مسك,0,مسك,22,27
منن,0,منن,15,27
وزر,0,وزر,12,27
يوسف,0,يوسف,6,27
ثمود,0,ثمود,7,26
جحم,0,جحم,5,26
خزي,0,خزي,17,26
عجز,0,عجز,13,26
ماذا,1,ماذا,3,26
نبت,0,نبت,17,26
وضع,0,وضع,20,26
ءدم,0,آدم,5,25
بسط,0,بسط,17,25
بطن,0,بطن,16,25
حدد,0,حدد,13,25
حضر,0,حضر,14,25
حول,0,حول,16,25
سقي,0,سقي,24,25
شري,0,شري,15,25
عيسى,0,عيسى,4,25
فلك,0,فلك,6,25
لسن,0,لسن,20,25
وعظ,0,وعظ,18,25
وهب,0,وهب,13,25
ءذي,0,أذى,14,24
ثمر,0,ثمر,10,24
جهل,0,جهل,9,24
ذلل,0,ذلل,17,24
رقب,0,رقب,13,24
صلي,0,صلي,18,24
غضب,0,غضب,13,24
فجر,0,فجر,17,24
فحش,0,فحش,10,24
مرض,0,مرض,7,24
وقع,0,وقع,14,24
سرع,0,سرع,8,23
سرف,0,سرف,13,23
طلق,0,طلق,15,23
غرق,0,غرق,13,23
لبس,0,لبس,18,23
مشي,0,مشي,12,23
نكح,0,نكح,17,23
وزن,0,وزن,11,23
يتم,0,يتم,9,23
ءثر,0,أثر,15,22
ءلف,0,ألف,18,22
ترب,0,ترب,8,22
تمم,0,تمم,19,22
خطء,0,خطأ,18,22
ربع,0,ربع,12,22
سنن,0,سنن,13,22
عرب,0,عرب,7,22
غوي,0,غوي,18,22
فتي,0,فتي,18,22
فرح,0,فرح,14,22
لدي,0,لدي,7,22
بقي,0,بقي,13,21
حجر,0,حجر,14,21
حذر,0,حذر,16,21
حلم,0,حلم,9,21
حمم,0,حمم,7,21
شهر,0,شهر,14,21
كتم,0,كتم,13,21
كم,0,كم,2,21
مني,0,مني,19,21
نشر,0,نشر,17,21
بني,0,بني,14,20
تور,0,تور,6,20
حزب,0,حزب,9,20
درج,0,درج,7,20
ربو,0,ربو,13,20
سنه,0,سنه,6,20
صنع,0,صنع,13,20
فطر,0,فطر,13,20
فقه,0,فقه,6,20
كشف,0,كشف,15,20
كود,0,كود,8,20
لعب,0,لعب,10,20
مري,0,مري,11,20
نخل,0,نخل,13,20
نزع,0,نزع,16,20
نفخ,0,نفخ,10,20
هارون,0,هارون,4,20
هود,0,هود,8,20
بلد,0,بلد,10,19
ثبت,0,ثبت,18,19
ثمن,0,ثمن,9,19
رشد,0,رشد,12,19
سعر,0,سعر,5,19
طلع,0,طلع,16,19
غرب,0,غرب,16,19
فكه,0,فكه,11,19
لكم,1,لكم,2,19
حصن,0,حصن,11,18
خصم,0,خصم,12,18
دبب,0,دبب,6,18
رءس,0,رأس,11,18
صفو,0,صفو,16,18
صور,0,صور,7,18
عوذ,0,عوذ,8,18
فرض,0,فرض,9,18
فكر,0,فكر,6,18
فيء,0,فاء,11,18
لدن,0,لدن,5,18
ملل,0,ملل,10,18
نفر,0,نفر,11,18
نوب,0,نوب,11,18
ءوب,0,أواب,9,17
إسحاق,0,إسحاق,3,17
بوء,0,تبوأ,13,17
خشع,0,خشع,12,17
خفف,0,خفف,11,17
ربص,0,ربص,12,17
زعم,0,زعم,7,17
سطر,0,سطر,8,17
سليمان,0,سليمان,5,17
سور,0,سور,7,17
سوق,0,سوق,15,17
شرق,0,شرق,10,17
كيل,0,كيل,10,17
منع,0,منع,12,17
نقم,0,نقم,8,17
بلس,0,بلس,6,16
جهر,0,جهر,11,16
حبط,0,حبط,9,16
خبث,0,خبث,10,16
خون,0,خون,15,16
داود,0,داود,5,16
عتد,0,عتد,4,16
عشو,0,عشو,9,16
علن,0,علن,6,16
غدو,0,غدو,10,16
غلل,0,غلل,14,16
فءد,0,فؤاد,12,16
كفف,0,كفف,11,16
لبب,0,لبب,1,16
لهو,0,لهو,12,16
مهد,0,مهد,9,16
يعقوب,0,يعقوب,3,16
بيع,0,بيع,11,15
حرج,0,حرج,3,15
حرر,0,حرر,12,15
ركب,0,ركب,15,15
شكك,0,شكك,2,15
صمم,0,صمم,8,15
مسح,0,مسح,6,15
مطر,0,مطر,8,15
ثوي,0,ثوي,7,14
حرث,0,حرث,10,14
رجم,0,رجم,11,14
رسو,0,رسو,5,14
زرع,0,زرع,11,14
زول,0,زول,11,14
صفف,0,صفف,7,14
صوم,0,صوم,11,14
عطو,0,عطو,12,14
فقر,0,فقر,9,14
لوم,0,لوم,11,14
ليت,0,ليت,5,14
وصف,0,وصف,5,14
ولج,0,ولج,7,14
ءبي,0,أبى,8,13
بغت,0,بغت,1,13
جلد,0,جلد,12,13
حلف,0,حلف,8,13
حور,0,حور,9,13
خزن,0,خزن,7,13
خلل,0,خلل,9,13
رءف,0,رؤوف,4,13
ركع,0,ركع,10,13
شهو,0,شهو,6,13
صغر,0,صغر,9,13
صيح,0,صيح,4,13
ضيق,0,ضيق,9,13
طمءن,0,تطمئن,12,13
عصم,0,عصم,10,13
غلظ,0,غلظ,8,13
غلم,0,غلم,6,13
فدي,0,فدي,11,13
فوه,0,فوه,4,13
قرض,0,قرض,7,13
قنت,0,قنت,11,13
نجم,0,نجم,9,13
نصح,0,نصح,10,13
هنا,0,هنا,2,13
وقت,0,وقت,11,13
يءس,0,يئس,11,13
إسماعيل,0,إسماعيل,3,12
بخل,0,بخل,7,12
بدء,0,بدء,7,12
بكر,0,بكر,5,12
بيض,0,بيض,8,12
جبي,0,جبي,10,12
جحد,0,جحد,4,12
جور,0,جور,10,12
حسر,0,حسر,10,12
حنف,0,حنف,2,12
خرر,0,خرر,9,12
خطب,0,خطب,9,12
خوض,0,خوض,8,12
درك,0,درك,12,12
رهب,0,رهب,11,12
سجن,0,سجن,9,12
سفر,0,سفر,8,12
سلك,0,سلك,12,12
شبه,0,شبه,8,12
شقي,0,شقي,9,12
شمل,0,شمل,6,12
شيع,0,شيع,7,12
طمع,0,طمع,9,12
طين,0,طين,3,12
عذر,0,عذر,8,12
عسر,0,عسر,11,12
عصو,0,عصو,6,12
كنن,0,كنن,8,12
لحم,0,لحم,7,12
نبذ,0,نبذ,11,12
نجل,0,نجل,5,12
نطف,0,نطف,3,12
نطق,0,نطق,6,12
نيل,0,نيل,11,12
ودي,0,ودي,10,12
وصل,0,وصل,7,12
ءنى,1,أنى,1,11
برق,0,برق,9,11
جمل,0,جمل,7,11
حرب,0,حرب,9,11
حصي,0,حصي,9,11
رضع,0,رضع,11,11
زبر,0,زبر,8,11
سبب,0,سبب,8,11
سحب,0,سحب,6,11
سفه,0,سفه,8,11
شعيب,0,شعيب,3,11
شفق,0,شفق,5,11
صعق,0,صعق,9,11
طبع,0,طبع,7,11
طرف,0,طرف,8,11
طرق,0,طرق,9,11
طور,0,طور,6,11
عدن,0,عدن,1,11
عنب,0,عنب,7,11
عون,0,عون,9,11
غمم,0,غمم,8,11
غيظ,0,غيظ,10,11
فرر,0,فرر,9,11
قصر,0,قصر,8,11
لغو,0,لغو,7,11
ورد,0,ورد,11,11
وقد,0,وقد,10,11
وكء,0,أتوكؤا,5,11
يمم,0,يمم,4,11
ءصل,0,أصل,5,10
بطش,0,بطش,8,10
جبر,0,جبر,5,10
جدد,0,جدد,4,10
حيق,0,حيق,3,10
دفع,0,دفع,8,10
دمر,0,دمر,8,10
دمم,0,دمم,8,10
رجز,0,رجز,6,10
رجس,0,رجس,4,10
رعي,0,رعي,9,10
رهق,0,رهق,8,10
زلف,0,زلف,7,10
سفل,0,سفل,6,10
سود,0,سود,9,10
ضحك,0,ضحك,8,10
ضيع,0,ضيع,5,10
طول,0,طول,8,10
عتو,0,عتو,9,10
عزل,0,عزل,10,10
غيث,0,غيث,9,10
قدس,0,قدس,6,10
قهر,0,قهر,5,10
كفل,0,كفل,9,10
كي,0,كي,3,10
مءه,0,مائة,6,10
مدين,0,مدين,2,10
ملي,0,ملي,7,10
نقص,0,نقص,8,10
ءيد,0,أيد,8,9
بثث,0,بثث,7,9
برز,0,برز,6,9
بقر,0,بقر,5,9
تجر,0,تجر,6,9
حرق,0,حرق,4,9
حلي,0,حلي,6,9
خيل,0,خيل,8,9
دوم,0,دوم,7,9
ذبح,0,ذبح,9,9
رمي,0,رمي,6,9
زني,0,زني,9,9
سبت,0,سبت,5,9
سرق,0,سرق,8,9
سري,0,سري,5,9
سوم,0,سوم,6,9
صحف,0,صحف,6,9
صعد,0,صعد,6,9
عبر,0,عبر,5,9
عرج,0,عرج,6,9
عزم,0,عزم,7,9
عكف,0,عكف,7,9
عنق,0,عنق,7,9
عوج,0,عوج,3,9
عوم,0,عوم,5,9
غنم,0,غنم,7,9
فرج,0,فرج,6,9
فضض,0,فضض,6,9
فيض,0,فيض,5,9
قبض,0,قبض,9,9
قذف,0,قذف,8,9
كنز,0,كنز,7,9
لون,0,لون,4,9
متى,0,متى,1,9
نقض,0,نقض,5,9
نوم,0,نوم,8,9
همم,0,همم,7,9
وقر,0,وقر,5,9
وهن,0,وهن,7,9
ءني,1,إي,7,8
برهن,0,برهن,4,8
بهت,0,بهت,5,8
ترف,0,ترف,7,8
حجب,0,حجب,5,8
ختم,0,ختم,7,8
خسف,0,خسف,6,8
خضر,0,خضر,6,8
خمس,0,خمس,7,8
خول,0,خول,8,8
رجف,0,رجف,4,8
رغب,0,رغب,7,8
زيغ,0,زيغ,8,8
ستت,0,ستت,2,8
سقط,0,سقط,8,8
سلف,0,سلف,4,8
شفي,0,شفي,5,8
صفح,0,صفح,8,8
صلب,0,صلب,7,8
صوت,0,صوت,8,8
ضرع,0,ضرع,5,8
عقر,0,عقر,5,8
غبر,0,غبر,2,8
فرط,0,فرط,7,8
قبر,0,قبر,5,8
كلف,0,كلف,4,8
لطف,0,لطف,4,8
هبط,0,هبط,5,8
وبل,0,وبل,3,8
بخس,0,بخس,5,7
برج,0,برج,6,7
بضع,0,بضع,6,7
بعل,0,بعل,6,7
بكي,0,بكي,6,7
تسع,0,تسع,7,7
حبل,0,حبل,7,7
حظظ,0,حظظ,3,7
حم,0,حم,1,7
خطف,0,خطف,7,7
خمر,0,خمر,5,7
دكك,0,دكك,5,7
دلل,0,دلل,5,7
زكريا,0,زكريا,3,7
زيت,0,زيت,5,7
سرح,0,سرح,6,7
سكر,0,سكر,6,7
صرر,0,صرر,7,7
ضحو,0,ضحو,5,7
عصف,0,عصف,7,7
عقد,0,عقد,7,7
علق,0,علق,5,7
عمد,0,عمد,4,7
عمه,0,عمه,1,7
غرف,0,غرف,6,7
قسو,0,قسو,6,7
مكث,0,مكث,6,7
مهل,0,مهل,5,7
موج,0,موج,4,7
ندم,0,ندم,3,7
نسك,0,نسك,6,7
نصف,0,نصف,5,7
نكث,0,نكث,5,7
نوق,0,نوق,5,7
هن,0,هن,1,7
وعي,0,وعي,6,7
ءدي,0,أدوا,5,6
الم,0,الم,1,6
بكم,0,بكم,5,6
تبر,0,تبر,5,6
ثقف,0,ثقف,4,6
جوز,0,جوز,5,6
حبر,0,حبر,5,6
حرف,0,حرف,4,6
حسس,0,حسس,6,6
حصد,0,حصد,5,6
حصر,0,حصر,6,6
حطم,0,حطم,4,6
حمر,0,حمر,6,6
خلط,0,خلط,5,6
دءب,0,دأب,4,6
درس,0,درس,5,6
ذرء,0,ذرء,4,6
ردي,0,ردي,6,6
رصد,0,رصد,5,6
زجر,0,زجر,5,6
زلزل,0,زلزل,5,6
زور,0,زور,5,6
سدد,0,سدد,3,6
صيد,0,صيد,4,6
ضوء,0,أضاء,6,6
ضيف,0,ضيف,4,6
عمم,0,عمم,6,6
عنت,0,عنت,5,6
عيش,0,عيش,4,6
غرم,0,غرم,5,6
فخر,0,فخر,5,6
فرش,0,فرش,6,6
فرغ,0,فرغ,5,6
فزع,0,فزع,5,6
قصد,0,قصد,5,6
قصو,0,قصو,5,6
قمص,0,قمص,4,6
قنط,0,قنط,6,6
كءس,0,كأس,5,6
كرر,0,كرر,4,6
كظم,0,كظم,4,6
كلب,0,كلب,4,6
كهف,0,كهف,2,6
لؤلؤ,0,لؤلؤ,5,6
لحد,0,لحد,3,6
لحق,0,لحق,4,6
لوح,0,لوح,5,6
مرج,0,مرج,4,6
مرد,0,مرد,6,6
مقت,0,مقت,4,6
ميل,0,ميل,5,6
ندد,0,ندد,1,6
نزغ,0,نزغ,4,6
هامان,0,هامان,2,6
وطء,0,موطئا,6,6
ءرك,0,أرائك,1,5
ءسر,0,أسر,5,5
ءسف,0,أسف,4,5
الر,0,الر,1,5
برد,0,برد,4,5
بغض,0,بغض,3,5
بور,0,بور,4,5
ثبر,0,ثبر,2,5
جثم,0,جثم,1,5
جلو,0,جلو,4,5
جوع,0,جوع,4,5
حرص,0,حرص,5,5
حسد,0,حسد,5,5
حصب,0,حصب,2,5
حوت,0,حوت,5,5
حيص,0,حيص,2,5
خدع,0,خدع,4,5
خرص,0,خرص,3,5
خطو,0,خطو,1,5
خنزر,0,خنزر,3,5
خوي,0,خوي,3,5
خيب,0,خيب,3,5
دخر,0,دخر,3,5
درء,0,درء,4,5
دلو,0,دلو,5,5
دهن,0,دهن,5,5
ذرع,0,ذرع,4,5
ذمم,0,ذمم,3,5
ربط,0,ربط,5,5
رعب,0,رعب,2,5
رفق,0,رفق,4,5
رقي,0,رقي,5,5
زهق,0,زهق,4,5
سبط,0,سبط,3,5
سدس,0,سدس,2,5
سنبل,0,سنبل,4,5
شتت,0,شتت,3,5
شحح,0,شحح,3,5
شرح,0,شرح,4,5
شرع,0,شرع,5,5
شطر,0,شطر,2,5
شهب,0,شهب,4,5
صبب,0,صبب,5,5
صدع,0,صدع,5,5
صدف,0,صدف,3,5
صرخ,0,صرخ,5,5
صفر,0,صفر,3,5
صنم,0,صنم,4,5
طرد,0,طرد,4,5
طمس,0,طمس,5,5
طوي,0,طوي,4,5
عتب,0,عتب,3,5
عثو,0,عثو,1,5
عصب,0,عصب,3,5
عصر,0,عصر,5,5
فرد,0,فرد,3,5
فوت,0,فوت,3,5
فوج,0,فوج,3,5
قتر,0,قتر,5,5
قدد,0,قدد,3,5
قرع,0,قرع,3,5
قرف,0,قرف,5,5
قطر,0,قطر,5,5
كسف,0,كسف,2,5
كسو,0,كسو,5,5
كمل,0,كمل,5,5
كوكب,0,كوكب,4,5
لزم,0,لزم,4,5
لمس,0,لمس,4,5
لوي,0,لوي,5,5
لين,0,لين,5,5
مسي,0,مسي,2,5
مصر,0,مصر,3,5
مضي,0,مضي,5,5
نسف,0,نسف,4,5
نشز,0,نشز,5,5
نصو,0,نصو,5,5
نفد,0,نفد,5,5
نقذ,0,نقذ,5,5
نكل,0,نكل,4,5
هزز,0,هزز,3,5
هلل,0,هلل,2,5
هيت,0,هيت,2,5
وجل,0,وجل,4,5
ودع,0,ودع,5,5
وزع,0,وزع,2,5
وسط,0,وسط,5,5
وسوس,0,وسوس,4,5
وقف,0,وقف,4,5
ءسي,0,تأس,3,4
ءفل,0,أفل,3,4
ءمد,0,أمدا,2,4
ءيك,0,أيكة,2,4
ءيوب,0,أيوب,2,4
بدع,0,بدع,3,4
بيل,0,بيل,2,4
تبب,0,تبب,4,4
جدر,0,جدر,4,4
جرح,0,جرح,4,4
جسد,0,جسد,1,4
جهز,0,جهز,2,4
حمء,0,حمئة,2,4
حيض,0,حيض,2,4
خبت,0,خبت,4,4
خرق,0,خرق,4,4
خسء,0,اخسئوا,3,4
خصص,0,خصص,3,4
خفض,0,خفض,2,4
دحر,0,دحر,2,4
دحض,0,دحض,3,4
درر,0,درر,2,4
رتل,0,رتل,3,4
رحب,0,رحب,2,4
رحل,0,رحل,4,4
رذل,0,رذل,3,4
ركن,0,ركن,4,4
زخرف,0,زخرف,4,4
زلل,0,زلل,4,4
سجل,0,سجل,2,4
سحت,0,سحت,3,4
سخط,0,سخط,4,4
سدر,0,سدر,3,4
سرب,0,سرب,4,4
سرج,0,سرج,2,4
سفح,0,سفح,3,4
سفن,0,سفن,3,4
سقر,0,سقر,2,4
سقف,0,سقف,4,4
سلح,0,سلح,4,4
سمر,0,سمر,3,4
سمن,0,سمن,3,4
سول,0,سول,2,4
سيل,0,سيل,4,4
شءن,0,شأن,3,4
شور,0,شور,4,4
شيخ,0,شيخ,3,4
صرح,0,صرح,3,4
صلصل,0,صلصل,1,4
طبق,0,طبق,3,4
طفل,0,طفل,3,4
طلب,0,طلب,4,4
طوق,0,طوق,3,4
عجم,0,عجم,4,4
عري,0,عري,3,4
عزر,0,عزر,4,4
عفف,0,عفف,4,4
عقم,0,عقم,4,4
عور,0,عور,4,4
غسق,0,غسق,4,4
غسل,0,غسل,4,4
غضض,0,غضض,4,4
غلو,0,غلو,3,4
غمر,0,غمر,3,4
غور,0,غور,3,4
فشل,0,فشل,4,4
فلق,0,فلق,3,4
فور,0,فور,3,4
قارون,0,قارون,3,4
قفو,0,قفو,2,4
قلد,0,قلد,3,4
قلم,0,قلم,4,4
قنطر,0,قنطر,4,4
كرب,0,كرب,2,4
كعب,0,كعب,4,4
كوب,0,كوب,3,4
لجج,0,لجج,4,4
لمز,0,لمز,4,4
مجد,0,مجد,3,4
مزق,0,مزق,3,4
ميز,0,ميز,4,4
نحت,0,نحت,3,4
نسء,0,نسيئ,3,4
نسخ,0,نسخ,4,4
نسل,0,نسل,3,4
نعج,0,نعج,4,4
نفل,0,نفل,3,4
نقر,0,نقر,3,4
نمل,0,نمل,4,4
هنء,0,هنيئا,1,4
هيء,0,هيئة,3,4
ورق,0,ورق,3,4
وفق,0,وفق,4,4
يبس,0,يبس,3,4
يونس,0,يونس,2,4
ءبل,0,أبابيل,2,3
ءجج,0,أجاج,2,3
ءزر,0,آزر,3,3
ءزف,0,أزفت,3,3
ءسس,0,أسس,2,3
ءصر,0,إصرا,3,3
ءفف,0,أف,1,3
ءنف,0,أنف,3,3
بذر,0,بذر,3,3
برح,0,برح,3,3
برزخ,0,برزخ,2,3
بهج,0,بهج,2,3
بهم,0,بهم,2,3
ثلل,0,ثلل,2,3
ثير,0,ثير,2,3
جءر,0,تجئرون,3,3
جالوت,0,جالوت,3,3
جبريل,0,جبريل,3,3
جثو,0,جثو,2,3
جدث,0,جدث,1,3
جذع,0,جذع,3,3
جزء,0,جزء,2,3
جود,0,جود,3,3
جيب,0,جيب,2,3
حدق,0,حدق,2,3
حرض,0,حرض,3,3
حضض,0,حضض,2,3
حفي,0,حفي,3,3
حمو,0,حمو,3,3
حمي,0,حمي,3,3
حوج,0,حوج,1,3
خذل,0,خذل,3,3
خفت,0,خفت,2,3
خيط,0,خيط,3,3
دعع,0,دعع,3,3
ذءب,0,ذئب,1,3
ذرو,0,ذرو,3,3
ذقن,0,ذقن,2,3
ردف,0,ردف,3,3
رغد,0,رغد,1,3
رقم,0,رقم,2,3
ركض,0,ركض,3,3
ركم,0,ركم,3,3
رمن,0,رمن,2,3
رهط,0,رهط,3,3
رهن,0,رهن,3,3
روغ,0,روغ,1,3
زبد,0,زبد,3,3
زجو,0,زجو,2,3
زفر,0,زفر,2,3
زقم,0,زقم,2,3
سءم,0,يسئم,3,3
ستر,0,ستر,3,3
سجر,0,سجر,3,3
سربل,0,سربل,3,3
سلخ,0,سلخ,3,3
سلسل,0,سلسل,3,3
سلل,0,سلل,2,3
سلي,0,سلي,1,3
سمم,0,سمم,2,3
سندس,0,سندس,1,3
سوغ,0,سوغ,3,3
سيح,0,سيح,3,3
شءم,0,مشئمة,1,3
شحن,0,شحن,1,3
شطط,0,شطط,2,3
شكو,0,شكو,3,3
شنء,0,شانئك,2,3
شيب,0,شيب,3,3
صبء,0,الصابئون,2,3
صبغ,0,صبغ,3,3
صخر,0,صخر,3,3
صرصر,0,صرصر,2,3
صرم,0,صرم,3,3
ضجع,0,ضجع,2,3
ضغث,0,ضغث,2,3
طفء,0,أطفأها,3,3
طفق,0,طفق,2,3
ظمء,0,ظمأ,3,3
عبس,0,عبس,2,3
عير,0,عير,2,3
فتل,0,فتل,1,3
فجج,0,فجج,2,3
فرت,0,فرت,2,3
فزز,0,فزز,3,3
فسح,0,فسح,3,3
فقد,0,فقد,3,3
قبس,0,قبس,3,3
قرح,0,قرح,2,3
قرد,0,قرد,2,3
كبت,0,كبت,3,3
كور,0,كور,3,3
لجء,0,ملجأ,3,3
لذذ,0,لذذ,2,3
لفت,0,لفت,2,3
لفف,0,لفف,3,3
لفي,0,لفي,3,3
لقف,0,لقف,2,3
لهب,0,لهب,2,3
متن,0,متن,2,3
محو,0,محو,3,3
مرح,0,مرح,2,3
مزج,0,مزج,2,3
مضغ,0,مضغ,3,3
مور,0,مور,2,3
ميد,0,ميد,1,3
نءي,0,نءي,2,3
نثر,0,نثر,2,3
نحس,0,نحس,3,3
نسب,0,نسب,2,3
نضد,0,نضد,2,3
نضر,0,نضر,3,3
نفذ,0,نفذ,3,3
نقب,0,نقب,3,3
نكس,0,نكس,3,3
نكف,0,نكف,3,3
هزم,0,هزم,3,3
هطع,0,هطع,1,3
همز,0,همز,3,3
وتد,0,وتد,2,3
وتر,0,وتر,3,3
وثن,0,وثن,2,3
وجس,0,وجس,2,3
وسم,0,وسم,3,3
وصد,0,وصد,2,3
ءثث,0,ءثث,1,2
ءرب,0,ءرب,2,2
ءزز,0,ءزز,2,2
ءشر,0,ءشر,2,2
ءفق,0,ءفق,1,2
ءلت,0,ءلت,2,2
ءلو,0,ءلو,2,2
ءمل,0,ءمل,2,2
ءوه,0,ءوه,2,2
إدريس,0,إدريس,2,2
إلياس,0,إلياس,2,2
بتل,0,بتل,2,2
بخع,0,بخع,1,2
بدر,0,بدر,2,2
بدن,0,بدن,2,2
برص,0,برص,1,2
برم,0,برم,2,2
بري,0,بري,1,2
بزغ,0,بزغ,2,2
بسر,0,بسر,2,2
بسس,0,بسس,2,2
بسل,0,بسل,2,2
بطر,0,بطر,2,2
بعثر,0,بعثر,2,2
بعر,0,بعر,1,2
بنن,0,بنن,2,2
تابوت,0,تابوت,2,2
ثخن,0,ثخن,2,2
ثعب,0,ثعب,1,2
ثقب,0,ثقب,2,2
جبب,0,جبب,1,2
جبه,0,جبه,2,2
جذذ,0,جذذ,2,2
جرد,0,جرد,2,2
جرز,0,جرز,2,2
جزع,0,جزع,2,2
جسم,0,جسم,2,2
جفو,0,جفو,2,2
جلب,0,جلب,2,2
جلل,0,جلل,1,2
جنف,0,جنف,2,2
جني,0,جني,2,2
حاش,0,حاش,1,2
حبس,0,حبس,2,2
حجز,0,حجز,2,2
حطب,0,حطب,2,2
حطط,0,حطط,1,2
حظر,0,حظر,2,2
حفر,0,حفر,2,2
حفف,0,حفف,2,2
حقب,0,حقب,2,2
حلق,0,حلق,2,2
حنث,0,حنث,2,2
حنجر,0,حنجر,2,2
حنن,0,حنن,2,2
حوذ,0,حوذ,2,2
حوي,0,حوي,2,2
خبل,0,خبل,1,2
خدد,0,خدد,2,2
خدن,0,خدن,1,2
خرب,0,خرب,2,2
خردل,0,خردل,1,2
خصف,0,خصف,1,2
خضع,0,خضع,2,2
خمد,0,خمد,2,2
خمص,0,خمص,2,2
خنس,0,خنس,2,2
خور,0,خور,1,2
دخن,0,دخن,2,2
دسس,0,دسس,2,2
دمع,0,دمع,1,2
دهر,0,دهر,2,2
دول,0,دول,2,2
ذبب,0,ذبب,2,2
رجج,0,رجج,2,2
رسخ,0,رسخ,2,2
رسس,0,رسس,1,2
رطب,0,رطب,2,2
رعد,0,رعد,2,2
رفت,0,رفت,1,2
رفث,0,رفث,2,2
رفد,0,رفد,2,2
رقد,0,رقد,2,2
ركس,0,ركس,2,2
رمم,0,رمم,2,2
روض,0,روض,2,2
زجج,0,زجج,2,2
زحزح,0,زحزح,2,2
زلق,0,زلق,2,2
زلم,0,زلم,2,2
زمر,0,زمر,1,2
سبء,0,سبء,2,2
سبغ,0,سبغ,2,2
سحق,0,سحق,2,2
سرمد,0,سرمد,1,2
سعد,0,سعد,2,2
سفك,0,سفك,2,2
سقم,0,سقم,1,2
سهو,0,سهو,1,2
شخص,0,شخص,2,2
شطء,0,شطء,2,2
شعب,0,شعب,2,2
شغل,0,شغل,2,2
شكل,0,شكل,2,2
شهق,0,شهق,2,2
شوي,0,شوي,2,2
شيد,0,شيد,2,2
صبع,0,صبع,1,2
صبي,0,صبي,1,2
صغو,0,صغو,2,2
صفد,0,صفد,1,2
صنو,0,صنو,2,2
صهر,0,صهر,2,2
ضغن,0,ضغن,2,2
ضمم,0,ضمم,1,2
طالوت,0,طالوت,2,2
طري,0,طري,1,2
طسم,0,طسم,1,2
طعن,0,طعن,2,2
طمث,0,طمث,1,2
ظفر,0,ظفر,2,2
عبث,0,عبث,2,2
عتق,0,عتق,1,2
عتل,0,عتل,2,2
عثر,0,عثر,2,2
عجف,0,عجف,1,2
عرر,0,عرر,2,2
عرو,0,عرو,1,2
عزب,0,عزب,1,2
عضد,0,عضد,2,2
عضض,0,عضض,2,2
عضل,0,عضل,1,2
عطل,0,عطل,2,2
عنكب,0,عنكب,1,2
عهن,0,عهن,1,2
عيل,0,عيل,2,2
عيي,0,عيي,2,2
غثث,0,غثث,1,2
غدر,0,غدر,2,2
غرو,0,غرو,2,2
غطي,0,غطي,2,2
غلف,0,غلف,1,2
غوص,0,غوص,2,2
غوط,0,غوط,1,2
غيض,0,غيض,2,2
فردس,0,فردس,2,2
فكك,0,فكك,2,2
قحم,0,قحم,2,2
قرطس,0,قرطس,2,2
قطف,0,قطف,1,2
قلو,0,قلو,2,2
قنع,0,قنع,2,2
قنو,0,قنو,2,2
قوت,0,قوت,2,2
قوع,0,قوع,2,2
قيض,0,قيض,2,2
قيل,0,قيل,2,2
كبب,0,كبب,2,2
كدح,0,كدح,2,2
كرس,0,كرس,2,2
كسل,0,كسل,1,2
كلل,0,كلل,2,2
كمم,0,كمم,2,2
كمه,0,كمه,1,2
كهل,0,كهل,1,2
كهن,0,كهن,2,2
كين,0,كين,1,2
لات,0,لات,2,2
لبد,0,لبد,2,2
لبن,0,لبن,2,2
لدد,0,لدد,2,2
لظي,0,لظي,2,2
لغب,0,لغب,2,2
لقط,0,لقط,2,2
لقمان,0,لقمان,2,2
لمح,0,لمح,2,2
لهث,0,لهث,1,2
مءد,0,مءد,1,2
مأجوج,0,مأجوج,2,2
محص,0,محص,1,2
محق,0,محق,2,2
محن,0,محن,2,2
مخر,0,مخر,1,2
ملح,0,ملح,1,2
ملق,0,ملق,1,2
نبع,0,نبع,2,2
نحل,0,نحل,2,2
نزف,0,نزف,2,2
نشط,0,نشط,2,2
نصت,0,نصت,2,2
نعس,0,نعس,2,2
نفش,0,نفش,2,2
نكب,0,نكب,2,2
نكص,0,نكص,2,2
نهو,0,نهو,1,2
هبء,0,هبء,1,2
هرع,0,هرع,1,2
هشم,0,هشم,2,2
هضم,0,هضم,2,2
هلم,0,هلم,1,2
هيج,0,هيج,1,2
هيم,0,هيم,2,2
هيمن,0,هيمن,2,2
هيهات,0,هيهات,1,2
وبق,0,وبق,2,2
وجف,0,وجف,2,2
ودق,0,ودق,1,2
وسق,0,وسق,2,2
وسل,0,وسل,1,2
وصب,0,وصب,2,2
وطر,0,وطر,1,2
يأجوج,0,يأجوج,2,2
يسع,0,يسع,1,2
ءبب,0,ءبب,1,1
ءبق,0,ءبق,1,1
ءتل,0,ءتل,1,1
ءثل,0,ءثل,1,1
ءدد,0,إدا,1,1
ءرم,0,ءرم,1,1
ءسن,0,ءسن,1,1
ءمت,0,ءمت,1,1
ءنم,0,ءنم,1,1
ءود,0,ءود,1,1
ءيم,0,ءيم,1,1
ءيو,0,ءيو,1,1
المر,0,المر,1,1
المص,0,المص,1,1
بءر,0,بءر,1,1
بابل,0,بابل,1,1
بتر,0,بتر,1,1
بتك,0,بتك,1,1
بجس,0,بجس,1,1
بحث,0,بحث,1,1
بسق,0,بسق,1,1
بسم,0,بسم,1,1
بصل,0,بصل,1,1
بطء,0,بطء,1,1
بغل,0,بغل,1,1
بقع,0,بقع,1,1
بقل,0,بقل,1,1
بكك,0,بكك,1,1
بلع,0,بلع,1,1
بهل,0,بهل,1,1
بيد,0,بيد,1,1
تعس,0,تعس,1,1
تفث,0,تفث,1,1
تقن,0,تقن,1,1
تلل,0,تلل,1,1
تين,0,تين,1,1
تيه,0,تيه,1,1
ثبط,0,ثبط,1,1
ثجج,0,ثجج,1,1
ثرب,0,ثرب,1,1
ثري,0,ثري,1,1
ثور,0,ثور,1,1
ثيب,0,ثيب,1,1
جبت,0,جبت,1,1
جثث,0,جثث,1,1
جذو,0,جذو,1,1
جرر,0,جرر,1,1
جرع,0,جرع,1,1
جرف,0,جرف,1,1
جسس,0,جسس,1,1
جفن,0,جفن,1,1
جلس,0,جلس,1,1
جمح,0,جمح,1,1
جمد,0,جمد,1,1
جمم,0,جمم,1,1
جوف,0,جوف,1,1
جوو,0,جوو,1,1
جيس,0,جيس,1,1
حبك,0,حبك,1,1
حتم,0,حتم,1,1
حثث,0,حثث,1,1
حدب,0,حدب,1,1
حرد,0,حرد,1,1
حرس,0,حرس,1,1
حرك,0,حرك,1,1
حري,0,حري,1,1
حسم,0,حسم,1,1
حصحص,0,حصحص,1,1
حصل,0,حصل,1,1
حفد,0,حفد,1,1
حقف,0,حقف,1,1
حلقم,0,حلقم,1,1
حنذ,0,حنذ,1,1
حنك,0,حنك,1,1
حوب,0,حوب,1,1
حوز,0,حوز,1,1
حيد,0,حيد,1,1
حير,0,حير,1,1
حيف,0,حيف,1,1
خبء,0,خبء,1,1
خبز,0,خبز,1,1
خبط,0,خبط,1,1
ختر,0,ختر,1,1
خرطم,0,خرطم,1,1
خشب,0,خشب,1,1
خضد,0,خضد,1,1
خطط,0,خطط,1,1
خلع,0,خلع,1,1
خمط,0,خمط,1,1
خنق,0,خنق,1,1
خيم,0,خيم,1,1
دثر,0,دثر,1,1
دحو,0,دحو,1,1
درهم,0,درهم,1,1
دسر,0,دسر,1,1
دفء,0,دفء,1,1
دفق,0,دفق,1,1
دلك,0,دلك,1,1
دمدم,0,دمدم,1,1
دمغ,0,دمغ,1,1
دنر,0,دنر,1,1
دهق,0,دهق,1,1
دهم,0,دهم,1,1
دهي,0,دهي,1,1
ذءم,0,ذءم,1,1
ذبذب,0,ذبذب,1,1
ذعن,0,ذعن,1,1
ذكو,0,ذكو,1,1
ذهل,0,ذهل,1,1
ذود,0,ذود,1,1
ذيع,0,ذيع,1,1
ربح,0,ربح,1,1
رتع,0,رتع,1,1
رتق,0,رتق,1,1
رحق,0,رحق,1,1
رخو,0,رخو,1,1
ردء,0,ردء,1,1
ردم,0,ردم,1,1
رصص,0,رصص,1,1
رغم,0,رغم,1,1
رفرف,0,رفرف,1,1
رقق,0,رقق,1,1
ركد,0,ركد,1,1
ركز,0,ركز,1,1
رمح,0,رمح,1,1
رمد,0,رمد,1,1
رمز,0,رمز,1,1
رمض,0,رمض,1,1
رهو,0,رهو,1,1
روع,0,روع,1,1
روم,0,روم,1,1
ريش,0,ريش,1,1
ريع,0,ريع,1,1
رين,0,رين,1,1
زبن,0,زبن,1,1
زحف,0,زحف,1,1
زرب,0,زرب,1,1
زرق,0,زرق,1,1
زري,0,زري,1,1
زفف,0,زفف,1,1
زمل,0,زمل,1,1
زمهر,0,زمهر,1,1
زنجبيل,0,زنجبيل,1,1
زنم,0,زنم,1,1
زهد,0,زهد,1,1
زهر,0,زهر,1,1
زوغ,0,زوغ,1,1
سجي,0,سجي,1,1
سحل,0,سحل,1,1
سدي,0,سدي,1,1
سرد,0,سرد,1,1
سردق,0,سردق,1,1
سطح,0,سطح,1,1
سطو,0,سطو,1,1
سغب,0,سغب,1,1
سفع,0,سفع,1,1
سكب,0,سكب,1,1
سكت,0,سكت,1,1
سلب,0,سلب,1,1
سلسبيل,0,سلسبيل,1,1
سلق,0,سلق,1,1
سمد,0,سمد,1,1
سمك,0,سمك,1,1
سند,0,سند,1,1
سنم,0,سنم,1,1
سني,0,سني,1,1
سهر,0,سهر,1,1
سهل,0,سهل,1,1
سهم,0,سهم,1,1
سوح,0,سوح,1,1
سوط,0,سوط,1,1
سيب,0,سيب,1,1
سين,0,سين,1,1
شتو,0,شتو,1,1
شحم,0,شحم,1,1
شرد,0,شرد,1,1
شرذم,0,شرذم,1,1
شرط,0,شرط,1,1
شعل,0,شعل,1,1
شغف,0,شغف,1,1
شفه,0,شفه,1,1
شكس,0,شكس,1,1
شمت,0,شمت,1,1
شمخ,0,شمخ,1,1
شمز,0,شمز,1,1
شوب,0,شوب,1,1
شوظ,0,شوظ,1,1
شوك,0,شوك,1,1
ص,0,ص,1,1
صبو,0,صبو,1,1
صخخ,0,صخخ,1,1
صدو,0,صدو,1,1
صرع,0,صرع,1,1
صعر,0,صعر,1,1
صفصف,0,صفصف,1,1
صفن,0,صفن,1,1
صكك,0,صكك,1,1
صلد,0,صلد,1,1
صمت,0,صمت,1,1
صمد,0,صمد,1,1
صمع,0,صمع,1,1
صوع,0,صوع,1,1
صوف,0,صوف,1,1
صيص,0,صيص,1,1
صيف,0,صيف,1,1
ضءن,0,ضءن,1,1
ضبح,0,ضبح,1,1
ضدد,0,ضدد,1,1
ضفدع,0,ضفدع,1,1
ضمر,0,ضمر,1,1
ضنك,0,ضنك,1,1
ضنن,0,ضنن,1,1
ضهي,0,ضهي,1,1
ضير,0,ضير,1,1
ضيز,0,ضيز,1,1
طحي,0,طحي,1,1
طرح,0,طرح,1,1
طس,0,طس,1,1
طفف,0,طفف,1,1
طلح,0,طلح,1,1
طلل,0,طلل,1,1
طمم,0,طمم,1,1
طه,0,طه,1,1
طود,0,طود,1,1
ظعن,0,ظعن,1,1
عبء,0,عبء,1,1
عبقر,0,عبقر,1,1
عدس,0,عدس,1,1
عرجن,0,عرجن,1,1
عرم,0,عرم,1,1
عزي,0,عزي,1,1
عسعس,0,عسعس,1,1
عسق,0,عسق,1,1
عسل,0,عسل,1,1
عضي,0,عضي,1,1
عطف,0,عطف,1,1
عفرت,0,عفرت,1,1
عمق,0,عمق,1,1
عوق,0,عوق,1,1
عول,0,عول,1,1
عيب,0,عيب,1,1
غبن,0,غبن,1,1
غدق,0,غدق,1,1
غزز,0,غزز,1,1
غزل,0,غزل,1,1
غصب,0,غصب,1,1
غصص,0,غصص,1,1
غطش,0,غطش,1,1
غلق,0,غلق,1,1
غمز,0,غمز,1,1
غمض,0,غمض,1,1
غول,0,غول,1,1
فتء,0,فتء,1,1
فتر,0,فتر,1,1
فتق,0,فتق,1,1
فجو,0,فجو,1,1
فرث,0,فرث,1,1
فرع,0,فرع,1,1
فره,0,فره,1,1
فسر,0,فسر,1,1
فصح,0,فصح,1,1
فصم,0,فصم,1,1
فضح,0,فضح,1,1
فضو,0,فضو,1,1
فظظ,0,فظظ,1,1
فقع,0,فقع,1,1
فلن,0,فلن,1,1
فند,0,فند,1,1
فنن,0,فنن,1,1
فني,0,فني,1,1
فهم,0,فهم,1,1
فوض,0,فوض,1,1
فوم,0,فوم,1,1
فيل,0,فيل,1,1
ق,0,ق,1,1
قبح,0,قبح,1,1
قثء,0,قثء,1,1
قدح,0,قدح,1,1
قدو,0,قدو,1,1
قرش,0,قرش,1,1
قسر,0,قسر,1,1
قسس,0,قسس,1,1
قشعر,0,قشعر,1,1
قصف,0,قصف,1,1
قصم,0,قصم,1,1
قضب,0,قضب,1,1
قضض,0,قضض,1,1
قطط,0,قطط,1,1
قطمر,0,قطمر,1,1
قطن,0,قطن,1,1
قعر,0,قعر,1,1
قفل,0,قفل,1,1
قلع,0,قلع,1,1
قمح,0,قمح,1,1
قمطر,0,قمطر,1,1
قمع,0,قمع,1,1
قمل,0,قمل,1,1
قوب,0,قوب,1,1
قوس,0,قوس,1,1
كبد,0,كبد,1,1
كبكب,0,كبكب,1,1
كثب,0,كثب,1,1
كدر,0,كدر,1,1
كدي,0,كدي,1,1
كسد,0,كسد,1,1
كشط,0,كشط,1,1
كفت,0,كفت,1,1
كلء,0,كلء,1,1
كلح,0,كلح,1,1
كند,0,كند,1,1
كنس,0,كنس,1,1
كهيعص,0,كهيعص,1,1
كوي,0,كوي,1,1
لحف,0,لحف,1,1
لحن,0,لحن,1,1
لحي,0,لحي,1,1
لزب,0,لزب,1,1
لفح,0,لفح,1,1
لفظ,0,لفظ,1,1
لقب,0,لقب,1,1
لقح,0,لقح,1,1
لقم,0,لقم,1,1
لمم,0,لمم,1,1
لهم,0,لهم,1,1
لوذ,0,لوذ,1,1
ماروت,0,ماروت,1,1
مجس,0,مجس,1,1
محل,0,محل,1,1
مخض,0,مخض,1,1
مرو,0,مرو,1,1
مزن,0,مزن,1,1
مسخ,0,مسخ,1,1
مسد,0,مسد,1,1
مشج,0,مشج,1,1
مطو,0,مطو,1,1
معز,0,معز,1,1
معي,0,معي,1,1
مكك,0,مكك,1,1
مكو,0,مكو,1,1
مناة,0,مناة,1,1
مير,0,مير,1,1
ن,0,ن,1,1
نبز,0,نبز,1,1
نبط,0,نبط,1,1
نتق,0,نتق,1,1
نجد,0,نجد,1,1
نجس,0,نجس,1,1
نحب,0,نحب,1,1
نحر,0,نحر,1,1
نخر,0,نخر,1,1
نسر,0,نسر,1,1
نضج,0,نضج,1,1
نضخ,0,نضخ,1,1
نطح,0,نطح,1,1
نعق,0,نعق,1,1
نعل,0,نعل,1,1
نغض,0,نغض,1,1
نفث,0,نفث,1,1
نفح,0,نفح,1,1
نفي,0,نفي,1,1
نقع,0,نقع,1,1
نكد,0,نكد,1,1
نمرق,0,نمرق,1,1
نمم,0,نمم,1,1
نهج,0,نهج,1,1
نوء,0,نوء,1,1
نوش,0,نوش,1,1
نوص,0,نوص,1,1
نون,0,نون,1,1
نوي,0,نوي,1,1
هءم,0,هاؤم,1,1
هاروت,0,هاروت,1,1
هجد,0,هجد,1,1
هجع,0,هجع,1,1
هدد,0,هدد,1,1
هدم,0,هدم,1,1
هدهد,0,هدهد,1,1
هرب,0,هرب,1,1
هزل,0,هزل,1,1
هشش,0,هشش,1,1
هلع,0,هلع,1,1
همد,0,همد,1,1
همر,0,همر,1,1
همس,0,همس,1,1
هور,0,هور,1,1
وءد,0, الْمَوْءُدَةُ ,1,1
وءل,0,موئلا,1,1
وبر,0,وبر,1,1
وتن,0,وتن,1,1
وجب,0,وجب,1,1
وحش,0,وحش,1,1
وسن,0,وسن,1,1
وشي,0,وشي,1,1
وضن,0,وضن,1,1
وطن,0,وطن,1,1
وفد,0,وفد,1,1
وفر,0,وفر,1,1
وفض,0,وفض,1,1
وقب,0,وقب,1,1
وقذ,0,وقذ,1,1
وكد,0,وكد,1,1
وكز,0,وكز,1,1
وني,0,وني,1,1
وهج,0,وهج,1,1
وهي,0,وهي,1,1
ياسين,0,ياسين,1,1
ياقوت,0,ياقوت,1,1
يثرب,0,يثرب,1,1
يس,0,يس,1,1
يعوق,0,يعوق,1,1
يغوث,0,يغوث,1,1
يقظ,0,يقظ,1,1
ينع,0,ينع,1,1